{
  "project_info": {
    "project_number": "614400484664",
    "project_id": "tictactoe-winksai",
    "storage_bucket": "tictactoe-winksai.appspot.com"
  },
  "client": [
    {
      "client_info": {
        "mobilesdk_app_id": "1:614400484664:android:a5259a462fffc06b1a8dcd",
        "android_client_info": {
          "package_name": "com.example.tictactoe"
        }
      },
      "oauth_client": [
        {
          "client_id": "614400484664-m6e5kh0mct43hif9k5hp8ha4uo0b3aro.apps.googleusercontent.com",
          "client_type": 3
        }
      ],
      "api_key": [
        {
          "current_key": "AIzaSyCfSc1MA7IjuPhrmxe5BgnmvdVkZEFImC4"
        }
      ],
      "services": {
        "appinvite_service": {
          "other_platform_oauth_client": [
            {
              "client_id": "614400484664-m6e5kh0mct43hif9k5hp8ha4uo0b3aro.apps.googleusercontent.com",
              "client_type": 3
            }
          ]
        }
      }
    }
  ],
  "configuration_version": "1"
}